{
  "schemaVersion": 1,
  "id": "mobbehaviortool",
  "version": "1.0.0",
  "name": "Mob Behavior Tool",
  "description": "Adds an Aggressivity Changer item to cycle mob behavior (Passive, Natural, Fully Aggressive, Normal).",
  "authors": [
    "Ahmad (via ChatGPT)"
  ],
  "entrypoints": {
    "main": [
      "com.example.mobbehaviortool.AggressivityMod"
    ]
  },
  "mixins": [
    "mobbehaviortool.mixins.json"
  ],
  "depends": {
    "fabricloader": ">=0.14.0",
    "fabric": "*",
    "minecraft": "1.21.9"
  }
}